{
  "accuracy": 0.98025,
  "precision": 0.9809027777777778,
  "recall": 0.9519797809604044,
  "f1_score": 0.9662248824283882,
  "roc_auc": 0.9983788709958068,
  "confusion_matrix": [
    [
      2791,
      22
    ],
    [
      57,
      1130
    ]
  ],
  "prediction_distribution": {
    "min": 7.021908459137194e-06,
    "max": 0.9999867677688599,
    "mean": 0.2920787333307853,
    "std": 0.43922254222585494
  },
  "training_time_seconds": 1.5797,
  "dataset_size": 20000,
  "train_size": 16000,
  "test_size": 4000,
  "feature_count": 89
}