{
  "accuracy": 0.98,
  "precision": 0.9783923941227312,
  "recall": 0.953664700926706,
  "f1_score": 0.9658703071672355,
  "roc_auc": 0.9983213692834838,
  "confusion_matrix": [
    [
      2788,
      25
    ],
    [
      55,
      1132
    ]
  ],
  "prediction_distribution": {
    "min": 5.699803296010941e-06,
    "max": 0.9999871253967285,
    "mean": 0.29201227901195137,
    "std": 0.439571841379411
  },
  "training_time_seconds": 3.3264,
  "dataset_size": 20000,
  "train_size": 16000,
  "test_size": 4000,
  "feature_count": 89
}