{
  "mae": 0.01722586235731891,
  "rmse": 0.02273885743182239,
  "r2_score": 0.9825944098410206,
  "explained_variance": 0.9826063872819055,
  "pearson_correlation": 0.9912794578790028,
  "prediction_distribution": {
    "min": 0.23051790735208155,
    "max": 0.9140263403880422,
    "mean": 0.582858180724458,
    "std": 0.1717734746967785
  },
  "training_time_seconds": 2.5525,
  "dataset_size": 20000,
  "train_size": 16000,
  "test_size": 4000,
  "feature_count": 89
}