{
  "quiz_first_attempt_accuracy": 0.5461321473121643,
  "quiz_score": 0.18283431231975555,
  "multi_modal_confusion_score": 0.10271193087100983,
  "video_completion_ratio": 0.039633672684431076,
  "quiz_answer_change_rate": 0.03309677913784981,
  "quiz_hint_dependency_ratio": 0.011509120464324951,
  "scroll_reading_coverage": 0.010101612657308578,
  "personal_drift_zscore": 0.009155400097370148,
  "typing_correction_burst_rate": 0.008288217708468437,
  "unproductive_struggle_score": 0.00802190974354744,
  "focus_active_engagement_ratio": 0.006011458113789558,
  "video_segment_coverage": 0.005708116572350264,
  "video_forward_skip_density": 0.005605296231806278,
  "quiz_hint_request_rate": 0.0045015704818069935,
  "typing_pause_before_typing_ms": 0.0037715169601142406,
  "typing_iki_std_ms": 0.003530348651111126,
  "behavioral_instability_index": 0.00296289031393826,
  "concept_loop_score": 0.002435047412291169,
  "focus_idle_ratio": 0.001746711670421064,
  "quiz_time_to_answer_std_s": 0.0008965562446974218,
  "video_pause_duration_mean_s": 0.0008583181188441813,
  "typing_rhythm_entropy": 0.0006468589999713004,
  "scroll_velocity_std_px_s": 0.0005907845916226506,
  "typing_flight_time_std_ms": 0.0005557096446864307,
  "typing_iki_mean_ms": 0.0005192770040594041,
  "focus_return_latency_std_s": 0.0004752379027195275,
  "video_same_segment_replay_count": 0.00045361355296336114,
  "quiz_confidence_mean": 0.0004306549089960754,
  "typing_error_correction_ratio": 0.00041250165668316185,
  "external_help_seeking_index": 0.000405128113925457,
  "video_effective_watch_ratio": 0.00037811443326063454,
  "typing_long_pause_rate": 0.0003521149919833988,
  "productive_struggle_score": 0.00033587642246857285,
  "engagement_deviation": 0.0003316511574666947,
  "typing_backspace_rate": 0.0003033448301721364,
  "focus_loss_ratio": 0.0002990823413711041,
  "typing_dwell_time_mean_ms": 0.00026673710090108216,
  "scroll_velocity_mean_px_s": 0.00025708292378112674,
  "focus_loss_count": 0.00020768515241798013,
  "scroll_dwell_time_mean_s": 0.00020285275240894407,
  "scroll_concept_loop_count": 0.00019867203081957996,
  "scroll_reversal_rate": 0.0001871429121820256,
  "scroll_dwell_time_variance_s": 0.00018027295300271362,
  "focus_loss_total_duration_s": 0.00015625594824086875,
  "scroll_revisit_rate": 0.00014869745064061135,
  "quiz_time_to_answer_mean_s": 0.00010751196532510221,
  "typing_correction_burst_length_mean": 0.00010184343409491703,
  "quiz_abandonment_rate": 9.77766394498758e-05,
  "focus_mean_loss_duration_s": 9.621018398320302e-05,
  "typing_dwell_time_std_ms": 9.614451846573502e-05,
  "focus_max_loss_duration_s": 8.797796908766031e-05,
  "typing_flight_time_mean_ms": 8.285313379019499e-05,
  "external_mean_duration_s": 8.128531044349074e-05,
  "video_rewind_density": 7.900497439550236e-05,
  "quiz_confidence_mismatch": 7.301376899704337e-05,
  "video_pause_density": 7.149519660742953e-05,
  "scroll_section_skip_count": 6.859176210127771e-05,
  "external_time_ratio": 6.758962263120338e-05,
  "video_slowdown_ratio": 6.726420542690903e-05,
  "confidence_gap": 6.635265162913129e-05,
  "external_before_answer_rate": 6.531504186568782e-05,
  "typing_iki_cv": 6.280327215790749e-05,
  "external_llm_time_ratio": 5.498672544490546e-05,
  "focus_rapid_tab_switch_rate": 5.42171073902864e-05,
  "focus_idle_bout_count": 4.6467834181385115e-05,
  "quiz_max_hint_level_used": 4.5891156332800165e-05,
  "typing_speed_cpm": 4.323632674640976e-05,
  "quiz_time_to_answer_cv": 4.2651721742004156e-05,
  "video_forward_skip_distance_mean_s": 4.082367740920745e-05,
  "focus_return_latency_mean_s": 4.070927752763964e-05,
  "scroll_linear_reading_ratio": 3.9840910176280886e-05,
  "quiz_confidence_accuracy_correlation": 3.9557846321258694e-05,
  "scroll_reversal_depth_mean_px": 3.565770748537034e-05,
  "video_speed_change_count": 3.519505844451487e-05,
  "external_llm_reference_count": 3.449319410719909e-05,
  "scroll_reading_speed_wpm_estimate": 3.4197084460174665e-05,
  "external_search_reference_count": 3.290709719294682e-05,
  "typing_acceleration": 3.268027285230346e-05,
  "video_rewind_distance_mean_s": 3.206739711458795e-05,
  "video_speedup_ratio": 3.177346661686897e-05,
  "quiz_time_to_first_action_s": 3.07418558804784e-05,
  "age": 2.6020632503787056e-05,
  "external_reference_count": 2.409216176602058e-05,
  "external_reference_site_count": 2.0368321202113293e-05
}