{
  "quiz_first_attempt_accuracy": 0.518669068813324,
  "quiz_score": 0.1868673712015152,
  "multi_modal_confusion_score": 0.10183330625295639,
  "typing_pause_before_typing_ms": 0.04811224341392517,
  "video_completion_ratio": 0.036920007318258286,
  "quiz_answer_change_rate": 0.01747140847146511,
  "personal_drift_zscore": 0.011798767372965813,
  "quiz_hint_dependency_ratio": 0.011170568875968456,
  "scroll_reading_coverage": 0.009700886905193329,
  "typing_correction_burst_rate": 0.00848324503749609,
  "unproductive_struggle_score": 0.006652906537055969,
  "focus_active_engagement_ratio": 0.006228604353964329,
  "video_forward_skip_density": 0.005184458568692207,
  "video_segment_coverage": 0.004553763661533594,
  "quiz_hint_request_rate": 0.003846036270260811,
  "typing_iki_std_ms": 0.003062253352254629,
  "behavioral_instability_index": 0.002941813785582781,
  "concept_loop_score": 0.002458767732605338,
  "focus_idle_ratio": 0.0020667295902967453,
  "typing_error_correction_ratio": 0.001129973796196282,
  "typing_rhythm_entropy": 0.0006418906268663704,
  "video_effective_watch_ratio": 0.0005679850000888109,
  "scroll_dwell_time_variance_s": 0.0005608476349152625,
  "quiz_confidence_mean": 0.0005372801679186523,
  "typing_flight_time_std_ms": 0.000520795292686671,
  "video_pause_duration_mean_s": 0.0004926268593408167,
  "typing_long_pause_rate": 0.0004542841052170843,
  "engagement_deviation": 0.000413378729717806,
  "typing_iki_mean_ms": 0.0003809839254245162,
  "productive_struggle_score": 0.00035587555612437427,
  "focus_loss_ratio": 0.0003432946396060288,
  "typing_dwell_time_mean_ms": 0.0003382007125765085,
  "video_same_segment_replay_count": 0.0003347547026351094,
  "focus_return_latency_mean_s": 0.00033071066718548536,
  "typing_backspace_rate": 0.0003156822349410504,
  "focus_loss_count": 0.0002911557094193995,
  "scroll_concept_loop_count": 0.00025842778268270195,
  "focus_return_latency_std_s": 0.00023903377586975694,
  "quiz_time_to_answer_std_s": 0.0002101046993630007,
  "scroll_dwell_time_mean_s": 0.00020903541008010507,
  "scroll_reversal_rate": 0.0001936879998538643,
  "quiz_time_to_answer_mean_s": 0.00018981110770255327,
  "external_help_seeking_index": 0.00016989024879876524,
  "focus_mean_loss_duration_s": 0.00015774305211380124,
  "scroll_revisit_rate": 0.0001456674508517608,
  "video_forward_skip_distance_mean_s": 0.00014432378520723432,
  "focus_loss_total_duration_s": 0.00013540746294893324,
  "scroll_velocity_std_px_s": 0.00010343693429604173,
  "scroll_velocity_mean_px_s": 0.00010310375364497304,
  "scroll_linear_reading_ratio": 9.485625923844054e-05,
  "external_mean_duration_s": 9.160961781162769e-05,
  "video_pause_density": 8.18183907540515e-05,
  "quiz_time_to_first_action_s": 7.505412213504314e-05,
  "external_before_answer_rate": 7.449835538864136e-05,
  "video_rewind_density": 7.187796290963888e-05,
  "quiz_confidence_mismatch": 7.114484469639137e-05,
  "typing_iki_cv": 7.003889913903549e-05,
  "video_slowdown_ratio": 7.001984340604395e-05,
  "external_time_ratio": 6.314576603472233e-05,
  "typing_flight_time_mean_ms": 6.0652673710137606e-05,
  "typing_dwell_time_std_ms": 5.6718854466453195e-05,
  "typing_correction_burst_length_mean": 5.582677840720862e-05,
  "focus_max_loss_duration_s": 5.309783955453895e-05,
  "external_llm_time_ratio": 4.677857941715047e-05,
  "video_speed_change_count": 4.573466503643431e-05,
  "quiz_abandonment_rate": 4.4661421270575374e-05,
  "confidence_gap": 4.420636469149031e-05,
  "scroll_reversal_depth_mean_px": 4.2758623749250546e-05,
  "scroll_reading_speed_wpm_estimate": 4.238354813423939e-05,
  "external_reference_count": 3.837388430838473e-05,
  "external_search_reference_count": 3.695004488690756e-05,
  "quiz_time_to_answer_cv": 3.518880839692429e-05,
  "video_rewind_distance_mean_s": 3.397412001504563e-05,
  "typing_speed_cpm": 3.2486426789546385e-05,
  "age": 3.0954299290897325e-05,
  "focus_rapid_tab_switch_rate": 3.0708048143424094e-05,
  "focus_idle_bout_count": 3.057265348616056e-05,
  "video_speedup_ratio": 2.9610509955091402e-05,
  "typing_acceleration": 2.9058375730528496e-05,
  "quiz_max_hint_level_used": 2.8238851882633753e-05,
  "quiz_confidence_accuracy_correlation": 2.539503839216195e-05,
  "external_llm_reference_count": 2.469096398272086e-05,
  "external_reference_site_count": 2.279769796587061e-05,
  "scroll_section_skip_count": 2.2478820028482005e-05
}