{
  "quiz_first_attempt_accuracy": 0.540422797203064,
  "quiz_score": 0.18130694329738617,
  "multi_modal_confusion_score": 0.10159318894147873,
  "video_completion_ratio": 0.04056507349014282,
  "quiz_answer_change_rate": 0.03442191332578659,
  "quiz_hint_dependency_ratio": 0.011730195954442024,
  "personal_drift_zscore": 0.010478083044290543,
  "video_segment_coverage": 0.008771022781729698,
  "typing_correction_burst_rate": 0.008455213159322739,
  "scroll_reading_coverage": 0.007414028514176607,
  "unproductive_struggle_score": 0.006713624577969313,
  "focus_active_engagement_ratio": 0.006404941435903311,
  "video_forward_skip_density": 0.005606355611234903,
  "quiz_hint_request_rate": 0.004775747656822205,
  "typing_pause_before_typing_ms": 0.004716177005320787,
  "behavioral_instability_index": 0.004153275862336159,
  "typing_iki_std_ms": 0.003285003826022148,
  "concept_loop_score": 0.0027862503193318844,
  "productive_struggle_score": 0.002440503565594554,
  "focus_idle_ratio": 0.0022084193769842386,
  "video_pause_duration_mean_s": 0.0010330535005778074,
  "typing_flight_time_std_ms": 0.0006652720621787012,
  "scroll_dwell_time_variance_s": 0.0005225675995461643,
  "quiz_confidence_mean": 0.0005074593937024474,
  "video_effective_watch_ratio": 0.0004986700369045138,
  "typing_long_pause_rate": 0.0004888809635303915,
  "typing_iki_mean_ms": 0.0004649536276701838,
  "typing_rhythm_entropy": 0.0004173291090410203,
  "video_same_segment_replay_count": 0.00038335417048074305,
  "focus_loss_count": 0.0003706908319145441,
  "typing_correction_burst_length_mean": 0.0003658187633845955,
  "typing_backspace_rate": 0.0003385526651982218,
  "focus_loss_ratio": 0.00032971237669698894,
  "engagement_deviation": 0.0003248486027587205,
  "scroll_velocity_std_px_s": 0.000321529689244926,
  "typing_error_correction_ratio": 0.0002996928815264255,
  "typing_dwell_time_mean_ms": 0.00027973621035926044,
  "quiz_time_to_answer_std_s": 0.0002773677697405219,
  "focus_return_latency_std_s": 0.00026863045059144497,
  "focus_loss_total_duration_s": 0.00023511346080340445,
  "quiz_time_to_answer_mean_s": 0.00021384708816185594,
  "external_help_seeking_index": 0.00020880877855233848,
  "scroll_concept_loop_count": 0.00020805186068173498,
  "scroll_reversal_rate": 0.00018889340572059155,
  "scroll_dwell_time_mean_s": 0.00014882735558785498,
  "scroll_revisit_rate": 0.00014810443099122494,
  "video_slowdown_ratio": 0.00011948653991566971,
  "quiz_max_hint_level_used": 0.00010880913760047406,
  "video_forward_skip_distance_mean_s": 0.00010163168917642906,
  "focus_max_loss_duration_s": 0.0001013080109260045,
  "video_pause_density": 9.686312841949984e-05,
  "focus_mean_loss_duration_s": 8.876548963598907e-05,
  "confidence_gap": 8.85692352312617e-05,
  "typing_dwell_time_std_ms": 8.790107676759362e-05,
  "video_rewind_density": 8.779887139098719e-05,
  "scroll_linear_reading_ratio": 7.582311809528619e-05,
  "quiz_confidence_mismatch": 6.864150054752827e-05,
  "focus_return_latency_mean_s": 6.80329030728899e-05,
  "external_mean_duration_s": 6.697345816064626e-05,
  "quiz_time_to_first_action_s": 6.356916128424928e-05,
  "typing_iki_cv": 6.237035267986357e-05,
  "external_llm_time_ratio": 5.969427729723975e-05,
  "external_before_answer_rate": 5.306119055603631e-05,
  "scroll_section_skip_count": 5.246532236924395e-05,
  "external_time_ratio": 4.92956351081375e-05,
  "typing_speed_cpm": 4.915300814900547e-05,
  "focus_rapid_tab_switch_rate": 4.9062800826504827e-05,
  "external_search_reference_count": 4.7054392780410126e-05,
  "scroll_reading_speed_wpm_estimate": 4.555503255687654e-05,
  "typing_flight_time_mean_ms": 4.405065192258917e-05,
  "video_rewind_distance_mean_s": 4.297506529837847e-05,
  "scroll_velocity_mean_px_s": 4.219922629999928e-05,
  "video_speedup_ratio": 3.8960864912951365e-05,
  "external_reference_site_count": 3.8890128053026274e-05,
  "quiz_abandonment_rate": 3.8315574784064665e-05,
  "quiz_time_to_answer_cv": 3.781571285799146e-05,
  "external_reference_count": 3.628111517173238e-05,
  "video_speed_change_count": 3.5184271837351844e-05,
  "scroll_reversal_depth_mean_px": 3.447236667852849e-05,
  "focus_idle_bout_count": 3.444611866143532e-05,
  "external_llm_reference_count": 3.3007516321958974e-05,
  "typing_acceleration": 3.1602216040482745e-05,
  "quiz_confidence_accuracy_correlation": 3.129746255581267e-05,
  "age": 3.0009208785486408e-05
}