{
  "mae": 0.0043958488,
  "rmse": 0.0058084581,
  "r2": 0.9985739913,
  "bucket_accuracy": 0.985,
  "prediction_distribution": {
    "min": 0.03450237959623337,
    "max": 0.6746971607208252,
    "mean": 0.3879256546497345,
    "std": 0.15344330668449402
  },
  "training_time_seconds": 5.4213,
  "dataset_size": 20000,
  "train_size": 16000,
  "test_size": 4000,
  "feature_count": 84
}