{
  "mae": 0.0043585226,
  "rmse": 0.0057548332,
  "r2": 0.9986002002,
  "bucket_accuracy": 0.9815,
  "prediction_distribution": {
    "min": 0.03436271473765373,
    "max": 0.6779371500015259,
    "mean": 0.3878408670425415,
    "std": 0.1534419059753418
  },
  "training_time_seconds": 10.4736,
  "dataset_size": 20000,
  "train_size": 16000,
  "test_size": 4000,
  "feature_count": 84
}